unit,sex,age,icd10,geo\time	2013 	2014 	2015 	2016 	2017 	2018 	2019 	2020 
RT,T,TOTAL,I20-I25,AT11	241.02 	222.75 	207.08 	199.48 	204.98 	205.54 	201.56 	191.15 
RT,T,TOTAL,I20-I25,AT12	206.31 	200.37 	194.97 	191.6 	188.18 	182.02 	176.01 	169.35 
RT,T,TOTAL,I20-I25,AT13	236.79 	234.86 	229.45 	217.02 	204.58 	191.83 	179.61 	170.71 
RT,T,TOTAL,I20-I25,AT21	154.55 	151.95 	149.92 	146.88 	147.1 	144.33 	143.32 	140.9 
RT,T,TOTAL,I20-I25,AT22	169.61 	163.79 	158.38 	155.36 	152.27 	146.2 	140.52 	140.43 
RT,T,TOTAL,I20-I25,AT31	181.66 	176.37 	171.94 	160.34 	152.58 	141.96 	137.15 	135.86 
RT,T,TOTAL,I20-I25,AT32	146.57 	139.71 	134.75 	123.3 	125.09 	124.95 	125.75 	119.8 
RT,T,TOTAL,I20-I25,AT33	180.84 	179.48 	175.9 	165.38 	159.61 	154.41 	152.44 	147.69 
RT,T,TOTAL,I20-I25,AT34	172.91 	167.62 	163.92 	154.59 	150.78 	139.68 	137.39 	133.42 
RT,T,TOTAL,I20-I25,BE10	82.09 	79.53 	73.5 	70.34 	67.37 	64.45 	61.13 	57.3 
RT,T,TOTAL,I20-I25,BE21	70.66 	66.03 	63.53 	61.24 	59.71 	55.7 	51.85 	47.78 
RT,T,TOTAL,I20-I25,BE22	76.89 	71.8 	66.77 	60.27 	58.36 	55.47 	53.51 	48.03 
RT,T,TOTAL,I20-I25,BE23	78.01 	72.94 	68.94 	63.79 	61.48 	58.46 	57.41 	52.65 
RT,T,TOTAL,I20-I25,BE24	73.91 	68.4 	66.29 	62.98 	59.83 	56.85 	53.63 	49.95 
RT,T,TOTAL,I20-I25,BE25	74.63 	70.38 	67.27 	63.12 	62.18 	58.96 	55.5 	49.7 
RT,T,TOTAL,I20-I25,BE31	75.09 	75.32 	72.65 	70.61 	64.31 	59.62 	55.94 	53.73 
RT,T,TOTAL,I20-I25,BE32	106 	102.26 	97.58 	90.39 	85.72 	83.95 	79.85 	77.62 
RT,T,TOTAL,I20-I25,BE33	91.06 	86.29 	84.26 	81.72 	79.28 	72.26 	67.02 	63.13 
RT,T,TOTAL,I20-I25,BE34	88.04 	79.62 	75.3 	73.88 	73.47 	68.3 	62.39 	58.88 
RT,T,TOTAL,I20-I25,BE35	90.11 	87.58 	85.85 	84.46 	84.44 	77.05 	74.88 	71.1 
RT,T,TOTAL,I20-I25,BG31	222.85 	238.93 	235.86 	238.63 	216.17 	190.55 	170.71 	172.93 
RT,T,TOTAL,I20-I25,BG32	185.9 	192.15 	187.98 	186.58 	188.45 	187.34 	182.39 	174.98 
RT,T,TOTAL,I20-I25,BG33	177.16 	183.4 	188.53 	186.15 	180.13 	171.44 	167.68 	169.9 
RT,T,TOTAL,I20-I25,BG34	177.5 	162.25 	154.49 	136.9 	154.7 	169.65 	198.94 	222.29 
RT,T,TOTAL,I20-I25,BG41	176.23 	165.76 	155.03 	149.87 	147.93 	134.78 	124.56 	124.68 
RT,T,TOTAL,I20-I25,BG42	288.75 	284.8 	272.2 	274.32 	279.78 	278.7 	302 	337.43 
RT,T,TOTAL,I20-I25,CH01	69.17 	66.16 	61.35 	57.58 	56.26 	55.72 	54.67 	52.66 
RT,T,TOTAL,I20-I25,CH02	113.1 	109.84 	105.29 	101.3 	96.87 	94.38 	90.24 	86.69 
RT,T,TOTAL,I20-I25,CH03	108.9 	103.91 	98.69 	94.29 	92.17 	83.33 	80.03 	79.21 
RT,T,TOTAL,I20-I25,CH04	119.05 	111.58 	106.94 	101.71 	97.6 	91.93 	87.93 	84.25 
RT,T,TOTAL,I20-I25,CH05	131.68 	127.13 	118.31 	109.07 	106.78 	102.5 	101.28 	95.85 
RT,T,TOTAL,I20-I25,CH06	128.72 	126.33 	119.91 	109.43 	103.88 	97.49 	94.95 	90.7 
RT,T,TOTAL,I20-I25,CH07	96.87 	93.76 	94.15 	88.48 	84.03 	79.44 	75.46 	75.24 
RT,T,TOTAL,I20-I25,CY00	115.76 	109.68 	106.89 	105.52 	104.23 	100.48 	94.38 	89.56 
RT,T,TOTAL,I20-I25,CZ01	310.61 	307.09 	299.45 	283.39 	272.71 	257.91 	247.05 	241.62 
RT,T,TOTAL,I20-I25,CZ02	383.09 	363.13 	349.29 	320.67 	308.17 	292.21 	285.7 	282.27 
RT,T,TOTAL,I20-I25,CZ03	329.75 	304.56 	285 	253.26 	237.54 	217.93 	209.69 	200.85 
RT,T,TOTAL,I20-I25,CZ04	380.34 	386.47 	388.67 	372.94 	365.53 	343.66 	321.44 	305.43 
RT,T,TOTAL,I20-I25,CZ05	346.49 	334.55 	324.29 	297.5 	281.61 	266.41 	256.84 	248.14 
RT,T,TOTAL,I20-I25,CZ06	364.74 	355.52 	346.55 	325.07 	315.04 	291.62 	282.33 	269.33 
RT,T,TOTAL,I20-I25,CZ07	381.62 	373.76 	362.9 	328.25 	309.55 	279.16 	256.25 	245.07 
RT,T,TOTAL,I20-I25,CZ08	415.54 	401.21 	401.64 	369.48 	337.63 	305.71 	297.27 	292.98 
RT,T,TOTAL,I20-I25,DE11	139.11 	136.56 	134.15 	128.06 	124.89 	118.41 	113.87 	112.06 
RT,T,TOTAL,I20-I25,DE12	157.92 	152.59 	147.38 	141.46 	137.31 	133.23 	131.75 	129.94 
RT,T,TOTAL,I20-I25,DE13	123.71 	121.51 	119.9 	115.68 	112.05 	105.83 	103.41 	102.32 
RT,T,TOTAL,I20-I25,DE14	131.47 	128.61 	124.94 	120.78 	118.24 	114.59 	112.22 	109.55 
RT,T,TOTAL,I20-I25,DE21	131.07 	126.32 	121.4 	114.89 	111.47 	107.3 	103.23 	100.4 
RT,T,TOTAL,I20-I25,DE22	155.53 	152.35 	150.31 	143.57 	139.62 	132.05 	129.42 	123.53 
RT,T,TOTAL,I20-I25,DE23	162.94 	157.93 	151.52 	147.4 	143.74 	138.81 	135.13 	133.18 
RT,T,TOTAL,I20-I25,DE24	195.18 	189.89 	182.9 	171.95 	166.84 	159.92 	157.2 	156.12 
RT,T,TOTAL,I20-I25,DE25	168.67 	161.87 	157.37 	148.69 	147.93 	142.46 	138.45 	132 
RT,T,TOTAL,I20-I25,DE26	153.14 	150.47 	148.78 	142.5 	137.86 	134.2 	129.71 	126.34 
RT,T,TOTAL,I20-I25,DE27	143.76 	138.83 	136.74 	134.47 	130.45 	123.79 	119.19 	118.86 
RT,T,TOTAL,I20-I25,DE30	140.45 	127.94 	121.66 	118.63 	122.15 	123.51 	124.75 	125.42 
RT,T,TOTAL,I20-I25,DE40	198.5 	190.46 	181.89 	175.32 	170.65 	167.63 	162.34 	154.94 
RT,T,TOTAL,I20-I25,DE50	128.11 	136.14 	137.51 	129.44 	117.79 	104.52 	103.89 	112.85 
RT,T,TOTAL,I20-I25,DE60	142.91 	136.06 	132.59 	124.1 	119.56 	112.91 	108.47 	103.54 
RT,T,TOTAL,I20-I25,DE71	146.5 	142.64 	140.97 	134.97 	132.56 	127.05 	123.34 	120.24 
RT,T,TOTAL,I20-I25,DE72	174.97 	172.59 	166.94 	159.31 	156.11 	152.26 	150.04 	144.27 
RT,T,TOTAL,I20-I25,DE73	159.03 	154.52 	154.52 	148.66 	148.1 	145.61 	141.87 	138.83 
RT,T,TOTAL,I20-I25,DE80	210.15 	206.54 	202.25 	192.97 	185.91 	179.03 	173.88 	169.73 
RT,T,TOTAL,I20-I25,DE91	178.85 	173.72 	169.36 	162.68 	160.69 	156.5 	152.56 	148.14 
RT,T,TOTAL,I20-I25,DE92	169.74 	165.91 	165.17 	158.99 	156.51 	146.89 	143.09 	136.08 
RT,T,TOTAL,I20-I25,DE93	170.75 	166.86 	162.82 	156.56 	152.6 	149.8 	146.21 	140.83 
RT,T,TOTAL,I20-I25,DE94	174.48 	169.2 	167.33 	162.33 	158 	151.15 	144.32 	141 
RT,T,TOTAL,I20-I25,DEA1	127.25 	119.53 	116.65 	111.53 	115.55 	117.08 	116.26 	111.11 
RT,T,TOTAL,I20-I25,DEA2	134.21 	125.73 	125.46 	120.51 	125.43 	123.88 	122.64 	117.38 
RT,T,TOTAL,I20-I25,DEA3	130.22 	122.5 	117.98 	109.3 	113.58 	115.01 	114.41 	110.72 
RT,T,TOTAL,I20-I25,DEA4	122.77 	116.71 	115.74 	114.77 	120.4 	120.82 	116.33 	110.86 
RT,T,TOTAL,I20-I25,DEA5	133.1 	126.92 	120.9 	115.08 	117.47 	118.05 	116.12 	108.69 
RT,T,TOTAL,I20-I25,DEB1	185.69 	181.99 	177.14 	167.65 	163.11 	156.37 	150.07 	143.5 
RT,T,TOTAL,I20-I25,DEB2	166.44 	156.21 	154.08 	148.5 	151.65 	145.23 	142.5 	134.33 
RT,T,TOTAL,I20-I25,DEB3	160.16 	153.25 	149.15 	140.2 	136.92 	130.44 	128.74 	125.34 
RT,T,TOTAL,I20-I25,DEC0	200.77 	196.85 	190.1 	178.16 	169.69 	162.65 	158.09 	154.24 
RT,T,TOTAL,I20-I25,DED2	192.59 	183.67 	173.72 	161.83 	155.65 	149.98 	143.51 	139.81 
RT,T,TOTAL,I20-I25,DED4	224.63 	215.53 	209.65 	200.87 	196.15 	189.93 	182.62 	180.13 
RT,T,TOTAL,I20-I25,DED5	207.87 	200.88 	199.86 	188.15 	184.44 	179.27 	175.57 	171.56 
RT,T,TOTAL,I20-I25,DEE0	234.8 	224.93 	219.35 	209.49 	200.79 	188.74 	178.71 	172.76 
RT,T,TOTAL,I20-I25,DEF0	133.04 	128.03 	128.73 	124.09 	125.1 	120.07 	116.16 	109.58 
RT,T,TOTAL,I20-I25,DEG0	179.08 	175.58 	171.6 	163.63 	160.45 	158.03 	154.51 	147.16 
RT,T,TOTAL,I20-I25,DK01	81.55 	77.46 	72.27 	70.24 	67.65 	63.14 	58.53 	53.8 
RT,T,TOTAL,I20-I25,DK02	96.27 	90.91 	84.92 	83.22 	79.87 	75.77 	70 	68.02 
RT,T,TOTAL,I20-I25,DK03	99.95 	90.3 	82.84 	76.15 	71.81 	69.75 	66.84 	64.79 
RT,T,TOTAL,I20-I25,DK04	94.41 	88.85 	83.16 	76.81 	73.1 	69.31 	67.27 	65.11 
RT,T,TOTAL,I20-I25,DK05	103.86 	96.62 	88.03 	79.9 	72.81 	69.61 	66.19 	62.01 
RT,T,TOTAL,I20-I25,EE00	346.64 	323.19 	292.18 	272.54 	252.51 	237.28 	212.03 	185.2 
RT,T,TOTAL,I20-I25,EL30	118.75 	119.02 	119.53 	119.55 	120.7 	121.01 	124.98 	124.24 
RT,T,TOTAL,I20-I25,EL41	63.51 	71.94 	76.53 	82.43 	86.85 	88.6 	92.23 	85.92 
RT,T,TOTAL,I20-I25,EL42	93.25 	90.97 	90.3 	90.57 	87.68 	86.56 	90.41 	95.47 
RT,T,TOTAL,I20-I25,EL43	79.5 	79.07 	76.61 	73.97 	73.19 	74.02 	79 	77.28 
RT,T,TOTAL,I20-I25,EL51	: 	: 	111.48 	110.29 	113.42 	119.35 	124.52 	121.34 
RT,T,TOTAL,I20-I25,EL52	: 	: 	102.3 	98.28 	95.62 	93.09 	97.21 	99.61 
RT,T,TOTAL,I20-I25,EL53	: 	: 	90.55 	86.58 	83.9 	83.06 	84.21 	87.55 
RT,T,TOTAL,I20-I25,EL54	: 	: 	72.86 	70.77 	74.2 	78.99 	81.98 	83.49 
RT,T,TOTAL,I20-I25,EL61	: 	: 	81.48 	80.07 	80.17 	78.86 	78.22 	79.15 
RT,T,TOTAL,I20-I25,EL62	: 	: 	70.38 	74.52 	78.47 	78.63 	80.38 	86.48 
RT,T,TOTAL,I20-I25,EL63	: 	: 	77.74 	78.06 	81.41 	82.08 	85.69 	87.03 
RT,T,TOTAL,I20-I25,EL64	: 	: 	106.4 	105.4 	105.35 	102.57 	108.04 	110.54 
RT,T,TOTAL,I20-I25,EL65	: 	: 	90.22 	90.04 	92.04 	90.79 	92.7 	92.96 
RT,T,TOTAL,I20-I25,ES11	72.37 	67.99 	65.43 	62.67 	61.36 	59.51 	55.95 	54.32 
RT,T,TOTAL,I20-I25,ES12	98.54 	96.35 	94.33 	91.09 	85.89 	80 	74.37 	70.8 
RT,T,TOTAL,I20-I25,ES13	61.95 	57.71 	58.17 	57.4 	54.73 	51.01 	47.26 	45.75 
RT,T,TOTAL,I20-I25,ES21	58.67 	55.31 	53.29 	51.24 	50.26 	47.54 	44.26 	41.93 
RT,T,TOTAL,I20-I25,ES22	57.99 	55.4 	52.66 	49.54 	48.99 	48.43 	47.84 	44.49 
RT,T,TOTAL,I20-I25,ES23	66.1 	66.35 	64.1 	61.39 	58.75 	57.55 	55.73 	56.08 
RT,T,TOTAL,I20-I25,ES24	69.8 	65.94 	64.41 	64.62 	63.32 	61.34 	57.27 	54.45 
RT,T,TOTAL,I20-I25,ES30	58.82 	55.65 	55.31 	53.2 	51.99 	49.94 	47.74 	46.14 
RT,T,TOTAL,I20-I25,ES41	67.8 	64.49 	63.03 	60.54 	58.71 	55.19 	53.12 	51.3 
RT,T,TOTAL,I20-I25,ES42	70.36 	66.57 	64.1 	60.59 	59.29 	54.46 	53.25 	51.54 
RT,T,TOTAL,I20-I25,ES43	84.57 	82.84 	82.34 	77.89 	74.22 	70 	66.66 	63.44 
RT,T,TOTAL,I20-I25,ES51	65.83 	64.08 	60.16 	56.76 	54.83 	51.6 	48.96 	46.51 
RT,T,TOTAL,I20-I25,ES52	92.67 	87.64 	83.36 	79.67 	76.7 	71.75 	67.45 	63.01 
RT,T,TOTAL,I20-I25,ES53	78.15 	74.89 	73.5 	71.17 	69.54 	64.45 	59.88 	53.39 
RT,T,TOTAL,I20-I25,ES61	96.46 	90.99 	87.94 	84.8 	83.78 	81.72 	79.12 	76.36 
RT,T,TOTAL,I20-I25,ES62	84.47 	79.01 	74.98 	72.19 	72.37 	68.04 	65.82 	61.44 
RT,T,TOTAL,I20-I25,ES63	125.16 	106.58 	86.14 	84.17 	86.41 	81.16 	68.68 	76.51 
RT,T,TOTAL,I20-I25,ES64	96.11 	88.03 	88.53 	86.49 	82.39 	83.78 	72.41 	78.22 
RT,T,TOTAL,I20-I25,ES70	92.44 	87.3 	85.96 	89.16 	88.03 	87.12 	81.32 	79.86 
RT,T,TOTAL,I20-I25,FI19	211.82 	195.24 	184.21 	178.89 	174.08 	165.81 	156.24 	146.14 
RT,T,TOTAL,I20-I25,FI1B	184.99 	176.47 	167.89 	165.18 	157.08 	148.15 	135.2 	127.05 
RT,T,TOTAL,I20-I25,FI1C	224.18 	214.16 	201.66 	189.97 	182 	174.89 	160.99 	148.65 
RT,T,TOTAL,I20-I25,FI1D	265.73 	255.95 	242 	230.78 	219.38 	210.68 	194.84 	181.43 
RT,T,TOTAL,I20-I25,FI20	178.99 	168.27 	171.82 	192.34 	187.1 	166.82 	146.16 	133.91 
RT,T,TOTAL,I20-I25,FR10	45.1 	42.9 	40.9 	39.09 	37.65 	36.59 	35.83 	34.96 
RT,T,TOTAL,I20-I25,FRB0	53.52 	53.7 	52.54 	50.92 	49.74 	48.1 	47.07 	46.11 
RT,T,TOTAL,I20-I25,FRC1	57.81 	54.85 	52.38 	51.3 	49.88 	48.26 	46.92 	46.08 
RT,T,TOTAL,I20-I25,FRC2	56.42 	54.24 	52.15 	49.27 	47.57 	45.75 	44.96 	44.24 
RT,T,TOTAL,I20-I25,FRD1	67.47 	63.5 	61.19 	56.84 	55.02 	53.06 	50.73 	48.73 
RT,T,TOTAL,I20-I25,FRD2	62.75 	61.12 	59.81 	58.87 	57.52 	54.54 	50.27 	47.78 
RT,T,TOTAL,I20-I25,FRE1	66.33 	62.77 	59.83 	57 	55.67 	53.11 	50.33 	48.68 
RT,T,TOTAL,I20-I25,FRE2	62.56 	58.94 	56.42 	54.5 	53.6 	51.89 	50.17 	48.39 
RT,T,TOTAL,I20-I25,FRF1	64.97 	62.51 	59.69 	57.63 	55.08 	53.57 	51.36 	48.98 
RT,T,TOTAL,I20-I25,FRF2	57.01 	55.03 	53.13 	51.15 	50.93 	48.97 	47.04 	45.23 
RT,T,TOTAL,I20-I25,FRF3	56.01 	54.73 	54.01 	51.66 	50.05 	48.33 	47.41 	44.81 
RT,T,TOTAL,I20-I25,FRG0	51.63 	50.08 	48.48 	46.96 	46.23 	44.72 	42.97 	40.64 
RT,T,TOTAL,I20-I25,FRH0	65.43 	62.38 	59.05 	57.26 	55.33 	53.45 	51.03 	48.46 
RT,T,TOTAL,I20-I25,FRI1	51.66 	49.04 	47.84 	45.69 	44.66 	43.03 	41.9 	39.9 
RT,T,TOTAL,I20-I25,FRI2	59.42 	57.07 	56.01 	53.28 	50.39 	48.62 	46.57 	43.47 
RT,T,TOTAL,I20-I25,FRI3	52.15 	49.72 	48.99 	47.11 	46.45 	45.09 	43.59 	41.62 
RT,T,TOTAL,I20-I25,FRJ1	53.44 	50.78 	49.94 	50.39 	48.7 	47.01 	45.01 	44.05 
RT,T,TOTAL,I20-I25,FRJ2	50.08 	47.27 	44.99 	44.25 	44.02 	42.9 	42.06 	40.73 
RT,T,TOTAL,I20-I25,FRK1	62.49 	60.85 	58.84 	55.98 	52.53 	49.73 	47.26 	45.94 
RT,T,TOTAL,I20-I25,FRK2	49 	47.27 	44.59 	42.68 	41.02 	38.98 	37.93 	36.38 
RT,T,TOTAL,I20-I25,FRL0	46.87 	45.96 	44.88 	42.9 	41.64 	39.52 	38.58 	37.54 
RT,T,TOTAL,I20-I25,FRM0	62.46 	59.67 	57.56 	49.4 	46.82 	47.25 	47.54 	48.1 
RT,T,TOTAL,I20-I25,FRY1	: 	24.47 	25.21 	23.52 	23.58 	23.38 	26.03 	25.02 
RT,T,TOTAL,I20-I25,FRY2	22.46 	23.35 	26.74 	28.27 	28.95 	27.38 	26.38 	24.07 
RT,T,TOTAL,I20-I25,FRY3	26.56 	26.97 	27.92 	29.67 	32.67 	29.65 	31.82 	29.01 
RT,T,TOTAL,I20-I25,FRY4	69.34 	65.44 	64.4 	63.68 	62.92 	60.51 	62.15 	60.3 
RT,T,TOTAL,I20-I25,FRY5	: 	: 	: 	38.16 	29.36 	23.07 	26.15 	31.3 
RT,T,TOTAL,I20-I25,HR03	305.98 	295.26 	294.32 	285.31 	287.73 	267.61 	244.84 	211.05 
RT,T,TOTAL,I20-I25,HR04	325.2 	319 	320.99 	312.06 	306.2 	: 	: 	: 
RT,T,TOTAL,I20-I25,HU11	333.87 	320.23 	316.32 	314.79 	321.03 	327.88 	329.35 	322.38 
RT,T,TOTAL,I20-I25,HU12	442.21 	425.13 	421.23 	405.76 	407.99 	388.1 	389.69 	376.04 
RT,T,TOTAL,I20-I25,HU21	416.77 	407.85 	401.77 	376.76 	362.79 	343.47 	338.14 	333.64 
RT,T,TOTAL,I20-I25,HU22	377.32 	368.35 	361.31 	347.6 	342.76 	335.42 	334.74 	327.48 
RT,T,TOTAL,I20-I25,HU23	407.38 	388.98 	374.08 	351.84 	345.63 	332.05 	325.73 	318.86 
RT,T,TOTAL,I20-I25,HU31	483.26 	481.57 	479.05 	474.69 	466.38 	454.03 	434.35 	422.54 
RT,T,TOTAL,I20-I25,HU32	461.12 	459.91 	448.75 	440.6 	425.45 	413.63 	408.82 	402.26 
RT,T,TOTAL,I20-I25,HU33	409.49 	401.06 	394.7 	386.7 	385.63 	379.98 	381.54 	377.08 
RT,T,TOTAL,I20-I25,IE04	: 	: 	165.97 	159.77 	151.95 	144.7 	135.44 	131.16 
RT,T,TOTAL,I20-I25,IE05	: 	: 	169.96 	164.22 	156.83 	147.08 	133.92 	131.25 
RT,T,TOTAL,I20-I25,IE06	: 	: 	140.95 	130.41 	125.56 	118.61 	113.04 	106.28 
RT,T,TOTAL,I20-I25,IS00	160.45 	150.41 	145.06 	135.86 	130.81 	125.84 	120.11 	112.38 
RT,T,TOTAL,I20-I25,ITC1	90.9 	87.94 	85.31 	81.67 	78.84 	73.95 	71.89 	71.95 
RT,T,TOTAL,I20-I25,ITC2	92.49 	86.72 	81.58 	75.95 	76.87 	77.81 	77.71 	75.25 
RT,T,TOTAL,I20-I25,ITC3	105.05 	99.82 	93.49 	87.86 	83.58 	79.02 	75.56 	74.2 
RT,T,TOTAL,I20-I25,ITC4	101.83 	96.43 	92.23 	87.54 	84.17 	77.98 	74.71 	73.98 
RT,T,TOTAL,I20-I25,ITF1	129.3 	126.03 	124.26 	120.33 	117.63 	109.7 	103.66 	98.67 
RT,T,TOTAL,I20-I25,ITF2	128.54 	126.56 	129.42 	121.69 	116.5 	106.99 	105.39 	98.4 
RT,T,TOTAL,I20-I25,ITF3	148.88 	142.84 	142.9 	138.62 	135.55 	126.27 	122.09 	118.99 
RT,T,TOTAL,I20-I25,ITF4	107.69 	103.49 	100.77 	96.07 	94.19 	88.13 	86.07 	83.75 
RT,T,TOTAL,I20-I25,ITF5	111.79 	108.56 	102.09 	98.85 	98.44 	93.46 	88.96 	84.52 
RT,T,TOTAL,I20-I25,ITF6	106.3 	104.76 	101.57 	99.4 	97.27 	92.96 	90.6 	87.27 
RT,T,TOTAL,I20-I25,ITG1	112.77 	107.47 	103.25 	97.95 	95.42 	90.12 	87.92 	83.84 
RT,T,TOTAL,I20-I25,ITG2	88.81 	82.22 	77.18 	72.77 	70.89 	66.74 	64.13 	60.44 
RT,T,TOTAL,I20-I25,ITH1	104.69 	99.82 	92.03 	84.93 	81.4 	75.32 	74.38 	68.58 
RT,T,TOTAL,I20-I25,ITH2	116.46 	108.88 	105.74 	98.76 	95.39 	84.83 	78.98 	73.96 
RT,T,TOTAL,I20-I25,ITH3	105.17 	98.94 	93.47 	89.88 	86.73 	80.88 	75.78 	72.67 
RT,T,TOTAL,I20-I25,ITH4	114.07 	109.59 	106.73 	100.77 	96.46 	88.86 	84.69 	82.11 
RT,T,TOTAL,I20-I25,ITH5	104.89 	98.37 	92.63 	86.72 	82.87 	76.83 	73.07 	69.24 
RT,T,TOTAL,I20-I25,ITI1	96.46 	89.27 	84.96 	79.98 	77.03 	70.54 	66.36 	62.59 
RT,T,TOTAL,I20-I25,ITI2	127.04 	120.57 	115.02 	107.14 	103.68 	93.61 	88.14 	80.55 
RT,T,TOTAL,I20-I25,ITI3	115.98 	109.13 	106.28 	102.54 	100.48 	93.79 	88.18 	85.12 
RT,T,TOTAL,I20-I25,ITI4	127.11 	119.18 	115.85 	111.02 	107.4 	99.69 	95.36 	90.76 
RT,T,TOTAL,I20-I25,LI00	119.68 	93.57 	80.89 	69.81 	61.58 	67.57 	62.73 	65.63 
RT,T,TOTAL,I20-I25,LT01	509.12 	508.13 	513.79 	506.37 	476.97 	444.63 	406.4 	399.6 
RT,T,TOTAL,I20-I25,LT02	615.27 	603.52 	599.54 	589.85 	584.35 	558.2 	528.62 	515.42 
RT,T,TOTAL,I20-I25,LU00	88.28 	84.27 	81.43 	80.05 	78.04 	77.95 	69.43 	63.95 
RT,T,TOTAL,I20-I25,LV00	474.07 	461.95 	447.28 	425.61 	399.85 	375 	353.81 	343.26 
RT,T,TOTAL,I20-I25,MT00	258.13 	238.78 	208.33 	196.26 	191.23 	174.04 	168.46 	159.21 
RT,T,TOTAL,I20-I25,NL11	79.28 	77.21 	73.63 	71.59 	66.24 	65.46 	63 	62.89 
RT,T,TOTAL,I20-I25,NL12	72.62 	69.81 	64.35 	65.05 	61.74 	60.62 	56.6 	55.76 
RT,T,TOTAL,I20-I25,NL13	69.87 	65.9 	63.46 	61.5 	57.38 	58.06 	58.31 	59.68 
RT,T,TOTAL,I20-I25,NL21	65.9 	60.69 	59.2 	58.29 	57.6 	56.97 	54.01 	51.92 
RT,T,TOTAL,I20-I25,NL22	70.97 	67.29 	62.63 	58.77 	56.83 	55.23 	53.98 	50.58 
RT,T,TOTAL,I20-I25,NL23	77.94 	69.57 	69.92 	64.75 	59.88 	57.66 	55.72 	57.33 
RT,T,TOTAL,I20-I25,NL31	64.93 	61.82 	58.76 	56.48 	53.87 	51.45 	51.84 	49.34 
RT,T,TOTAL,I20-I25,NL32	69.58 	64.51 	60.55 	58.21 	54.98 	52.69 	49.17 	48.75 
RT,T,TOTAL,I20-I25,NL33	67.06 	63.61 	61.71 	59.24 	57.51 	53.5 	51.09 	47.91 
RT,T,TOTAL,I20-I25,NL34	65.19 	61.57 	60.2 	55.81 	52.86 	50.08 	46.99 	46.48 
RT,T,TOTAL,I20-I25,NL41	68.74 	65.45 	62.03 	58.9 	56.28 	53.81 	52.39 	50.5 
RT,T,TOTAL,I20-I25,NL42	78.65 	73.82 	69.13 	62.98 	59.82 	56.55 	55.47 	55.27 
RT,T,TOTAL,I20-I25,NO01	102.08 	92.44 	86.95 	81.99 	78.06 	: 	: 	: 
RT,T,TOTAL,I20-I25,NO02	132.21 	126.33 	120.68 	119.06 	110.53 	98.93 	86.23 	80.27 
RT,T,TOTAL,I20-I25,NO03	113.33 	105.62 	97.4 	91.29 	87.51 	: 	: 	: 
RT,T,TOTAL,I20-I25,NO04	102.81 	94.57 	86.61 	82.3 	75.52 	: 	: 	: 
RT,T,TOTAL,I20-I25,NO05	115.01 	104.91 	100.12 	91.59 	86.98 	: 	: 	: 
RT,T,TOTAL,I20-I25,NO06	114.83 	107.22 	99.87 	94.06 	86.66 	82.13 	76.47 	71.03 
RT,T,TOTAL,I20-I25,NO07	124.75 	117.08 	108.58 	99.64 	90.99 	85.27 	79.99 	77.01 
RT,T,TOTAL,I20-I25,PL21	218.96 	214.74 	213.28 	204.09 	203.12 	201 	207.62 	214.79 
RT,T,TOTAL,I20-I25,PL22	201.28 	161.25 	150.08 	143.35 	153.15 	173.35 	193.62 	208.31 
RT,T,TOTAL,I20-I25,PL41	150.25 	116.58 	109.07 	100.01 	94.07 	89.41 	85.61 	83.77 
RT,T,TOTAL,I20-I25,PL42	159.16 	146.23 	133.33 	121.56 	116.87 	114.42 	109.11 	106.65 
RT,T,TOTAL,I20-I25,PL43	129.26 	110.99 	98.54 	92.27 	115.84 	119.07 	123.33 	101.65 
RT,T,TOTAL,I20-I25,PL51	176.35 	153.82 	109.64 	107.41 	104.27 	101.02 	101.59 	103.27 
RT,T,TOTAL,I20-I25,PL52	97.14 	90.33 	82.5 	69.08 	76.57 	115.04 	188.06 	235.08 
RT,T,TOTAL,I20-I25,PL61	105.08 	92.68 	81.92 	73.3 	87.06 	95.41 	107.14 	111.56 
RT,T,TOTAL,I20-I25,PL62	116.98 	108.8 	100.21 	100.98 	111.11 	117.14 	117.27 	110.28 
RT,T,TOTAL,I20-I25,PL63	172.03 	202.93 	206.04 	219.39 	253.37 	295.52 	325.32 	331.7 
RT,T,TOTAL,I20-I25,PL71	: 	: 	99.47 	92.78 	90.31 	85.08 	81.92 	81.93 
RT,T,TOTAL,I20-I25,PL72	: 	: 	76.08 	74.62 	87.26 	97.98 	99.61 	158 
RT,T,TOTAL,I20-I25,PL81	: 	: 	72.69 	73.9 	80.68 	85.03 	84.42 	125.6 
RT,T,TOTAL,I20-I25,PL82	: 	: 	79.29 	72.48 	95.18 	109.06 	133.88 	150.37 
RT,T,TOTAL,I20-I25,PL84	: 	: 	192 	194.1 	207.93 	219.35 	224.55 	241.74 
RT,T,TOTAL,I20-I25,PL91	: 	: 	150.08 	136.09 	117.58 	95.73 	77.9 	59.8 
RT,T,TOTAL,I20-I25,PL92	: 	: 	179.55 	188.38 	186.31 	135.86 	93.45 	71.38 
RT,T,TOTAL,I20-I25,PT11	48.39 	51.39 	53.81 	54.71 	52.79 	51.72 	51.28 	48.88 
RT,T,TOTAL,I20-I25,PT15	70.9 	68.74 	71.48 	71.62 	71.73 	74.42 	77.95 	79.65 
RT,T,TOTAL,I20-I25,PT16	50.25 	51.39 	50.51 	50.23 	49.47 	50.03 	48.42 	47.81 
RT,T,TOTAL,I20-I25,PT17	96.38 	93.71 	90.37 	89.64 	87.27 	85.11 	81.96 	78.22 
RT,T,TOTAL,I20-I25,PT18	86.58 	81.58 	78.68 	77.92 	75.87 	73.77 	72 	70.35 
RT,T,TOTAL,I20-I25,PT20	133.15 	130.33 	131.17 	130.59 	120.23 	109.6 	102.11 	98.89 
RT,T,TOTAL,I20-I25,PT30	61.68 	73.09 	80.64 	84.67 	80.16 	77.9 	78.26 	77.83 
RT,T,TOTAL,I20-I25,RO11	539.95 	517.96 	497.68 	478.07 	458.11 	436.84 	420.15 	430.23 
RT,T,TOTAL,I20-I25,RO12	491.22 	475.35 	467.3 	453.21 	441.9 	413.72 	386.73 	372.76 
RT,T,TOTAL,I20-I25,RO21	282.21 	277.05 	269.38 	262.64 	257.83 	251.59 	245.71 	251.31 
RT,T,TOTAL,I20-I25,RO22	236.42 	232.58 	229.36 	229.58 	230.32 	231.18 	239 	245.55 
RT,T,TOTAL,I20-I25,RO31	276.13 	271.52 	267.96 	267.06 	263.33 	257.35 	257.01 	267.72 
RT,T,TOTAL,I20-I25,RO32	285.11 	290.01 	296.88 	297.68 	288.54 	278.02 	279.28 	298.59 
RT,T,TOTAL,I20-I25,RO41	270.16 	267.9 	258.84 	242.09 	226.83 	217.37 	221.91 	230.17 
RT,T,TOTAL,I20-I25,RO42	408.11 	379.2 	365.35 	353.16 	343.65 	326.85 	312.31 	306.19 
RT,T,TOTAL,I20-I25,SE11	113.66 	108.48 	102.86 	95.65 	87.08 	81.44 	74.18 	68.75 
RT,T,TOTAL,I20-I25,SE12	152.21 	143.99 	135.87 	132.01 	124.69 	119.21 	109.97 	105.24 
RT,T,TOTAL,I20-I25,SE21	158.76 	147.57 	139.28 	133.32 	130.39 	121.75 	112.28 	108.33 
RT,T,TOTAL,I20-I25,SE22	145.75 	139.91 	130.05 	118.65 	113.44 	110.45 	107.84 	99.72 
RT,T,TOTAL,I20-I25,SE23	150 	140.82 	132.25 	125.99 	120.02 	114.36 	107.21 	100.7 
RT,T,TOTAL,I20-I25,SE31	160.82 	153.51 	141.62 	132.74 	125.47 	119.41 	112.63 	104.23 
RT,T,TOTAL,I20-I25,SE32	169.58 	157.49 	145.44 	137.88 	130.65 	123.73 	114.19 	109.11 
RT,T,TOTAL,I20-I25,SE33	176.31 	168.53 	157.78 	146.65 	136.66 	130.57 	124.9 	121.79 
RT,T,TOTAL,I20-I25,SI03	: 	: 	113.73 	111.45 	110.73 	103.68 	100.43 	96.69 
RT,T,TOTAL,I20-I25,SI04	: 	: 	99.54 	93.45 	91.69 	88.07 	85.4 	79.1 
RT,T,TOTAL,I20-I25,SK01	380 	388.58 	386.74 	375.58 	357.53 	334.07 	319.71 	317.78 
RT,T,TOTAL,I20-I25,SK02	428.84 	402.97 	398.41 	374.85 	367.12 	343.5 	333.41 	348.8 
RT,T,TOTAL,I20-I25,SK03	425.8 	417.59 	415.19 	396.67 	398.42 	383.68 	384.45 	388.04 
RT,T,TOTAL,I20-I25,SK04	462.07 	441.94 	415.22 	376.09 	370.61 	348.06 	330.51 	319.54 
RT,T,TOTAL,I20-I25,TR10	152.01 	160.9 	179.22 	183.71 	177.87 	173.65 	153.33 	: 
RT,T,TOTAL,I20-I25,TR21	163.07 	186.89 	209.63 	218.29 	228.96 	244.61 	225.3 	: 
RT,T,TOTAL,I20-I25,TR22	157.34 	185.74 	217.56 	219.51 	220.77 	226.19 	213.76 	: 
RT,T,TOTAL,I20-I25,TR31	162.08 	183.38 	212.56 	219.67 	227.5 	236.26 	217.11 	: 
RT,T,TOTAL,I20-I25,TR32	139.24 	178.39 	231.1 	245.07 	240.2 	229.56 	202.43 	: 
RT,T,TOTAL,I20-I25,TR33	190.29 	208.92 	237.75 	243.6 	242.84 	241.26 	217.06 	: 
RT,T,TOTAL,I20-I25,TR41	193.4 	225.57 	271.28 	278.66 	273.88 	274.46 	251.35 	: 
RT,T,TOTAL,I20-I25,TR42	143.82 	150.92 	164.46 	170.2 	170.25 	174.38 	153.54 	: 
RT,T,TOTAL,I20-I25,TR51	163.07 	162.69 	173.55 	184.61 	193.45 	206.21 	177.08 	: 
RT,T,TOTAL,I20-I25,TR52	147.76 	156.84 	168.65 	167.24 	167.68 	171.24 	157.49 	: 
RT,T,TOTAL,I20-I25,TR61	160.71 	170.83 	183.31 	179.55 	176.48 	181.52 	163.89 	: 
RT,T,TOTAL,I20-I25,TR62	160.65 	186.65 	219.29 	241.13 	246.86 	275.05 	246.61 	: 
RT,T,TOTAL,I20-I25,TR63	150.69 	167.01 	190.51 	197.7 	196.97 	198.57 	181.97 	: 
RT,T,TOTAL,I20-I25,TR71	191.34 	192.8 	207.92 	208.76 	208.76 	211.42 	192.13 	: 
RT,T,TOTAL,I20-I25,TR72	162.61 	192.39 	221.93 	217.17 	197.47 	181.54 	159.36 	: 
RT,T,TOTAL,I20-I25,TR81	157.98 	169.73 	177.74 	179.54 	182.08 	188.05 	170.15 	: 
RT,T,TOTAL,I20-I25,TR82	132.99 	148.96 	166.62 	171.8 	177.2 	177.59 	158.36 	: 
RT,T,TOTAL,I20-I25,TR83	148.73 	174.64 	208.06 	215.08 	211.36 	199.93 	172.47 	: 
RT,T,TOTAL,I20-I25,TR90	122.79 	138.54 	160.49 	161.44 	155.21 	144.83 	128.23 	: 
RT,T,TOTAL,I20-I25,TRA1	159.18 	155.79 	174.59 	175.75 	171.74 	170.13 	155.99 	: 
RT,T,TOTAL,I20-I25,TRA2	112.49 	150.41 	188.08 	190.96 	173.66 	168.94 	149.82 	: 
RT,T,TOTAL,I20-I25,TRB1	153.34 	168.25 	182.89 	188.94 	181.28 	181.42 	158.47 	: 
RT,T,TOTAL,I20-I25,TRB2	97.34 	137.18 	174.86 	179.04 	164.61 	155.29 	130.98 	: 
RT,T,TOTAL,I20-I25,TRC1	159.17 	166.4 	188.08 	193.78 	198.31 	207.68 	205.2 	: 
RT,T,TOTAL,I20-I25,TRC2	145.17 	146.06 	159.95 	164.03 	161.02 	160.44 	141.56 	: 
RT,T,TOTAL,I20-I25,TRC3	119.49 	137.96 	157.03 	166.02 	161.46 	169.98 	150.07 	: 
RT,T,TOTAL,I20-I25,UKC1	134.13 	130.71 	128.37 	127.01 	125.01 	120.24 	: 	: 
RT,T,TOTAL,I20-I25,UKC2	131.78 	128.82 	124.19 	119.96 	114.95 	108.81 	: 	: 
RT,T,TOTAL,I20-I25,UKD1	140.32 	134.48 	125.84 	118.28 	117.01 	113.23 	: 	: 
RT,T,TOTAL,I20-I25,UKD3	156.74 	152.35 	147.36 	144.19 	141.99 	136.13 	: 	: 
RT,T,TOTAL,I20-I25,UKD4	153.57 	145.61 	138.01 	132.56 	129.49 	126.39 	: 	: 
RT,T,TOTAL,I20-I25,UKD6	127.29 	119.13 	110.97 	105.68 	101.88 	99.02 	: 	: 
RT,T,TOTAL,I20-I25,UKD7	133.67 	128.35 	121.95 	112.99 	111.14 	107.64 	: 	: 
RT,T,TOTAL,I20-I25,UKE1	144.95 	141.94 	136.65 	129.73 	124.71 	120.27 	: 	: 
RT,T,TOTAL,I20-I25,UKE2	127.68 	122.09 	118.3 	113.09 	110.35 	102.52 	: 	: 
RT,T,TOTAL,I20-I25,UKE3	147.82 	141.69 	134.87 	127.89 	122.83 	118.87 	: 	: 
RT,T,TOTAL,I20-I25,UKE4	148.67 	145.59 	141.58 	138.36 	137.41 	132.78 	: 	: 
RT,T,TOTAL,I20-I25,UKF1	137.08 	132.12 	125.46 	117.55 	112.82 	106.39 	: 	: 
RT,T,TOTAL,I20-I25,UKF2	126.91 	123.02 	117.08 	111.41 	104.28 	99.05 	: 	: 
RT,T,TOTAL,I20-I25,UKF3	139.5 	135.59 	130.04 	122.77 	117.84 	111.42 	: 	: 
RT,T,TOTAL,I20-I25,UKG1	117.31 	112.07 	103.95 	97.6 	94.4 	94.23 	: 	: 
RT,T,TOTAL,I20-I25,UKG2	128.13 	123.68 	119.84 	116.06 	115.35 	110.34 	: 	: 
RT,T,TOTAL,I20-I25,UKG3	135.5 	133.04 	130.65 	126.66 	125.5 	122.5 	: 	: 
RT,T,TOTAL,I20-I25,UKH1	115.39 	112.75 	108.89 	102.14 	98.95 	93.84 	: 	: 
RT,T,TOTAL,I20-I25,UKH2	118.99 	112.25 	105.98 	98.97 	94.22 	88.1 	: 	: 
RT,T,TOTAL,I20-I25,UKH3	121.42 	116.58 	108.81 	104.31 	100.04 	96.3 	: 	: 
RT,T,TOTAL,I20-I25,UKI3	103.51 	99.56 	94.94 	86.42 	82.71 	74.99 	: 	: 
RT,T,TOTAL,I20-I25,UKI4	130.98 	126.86 	123.26 	114.69 	113.22 	105.4 	: 	: 
RT,T,TOTAL,I20-I25,UKI5	120.76 	119 	114.71 	110.09 	105.13 	95.95 	: 	: 
RT,T,TOTAL,I20-I25,UKI6	114.81 	108.57 	104.2 	98.76 	91.85 	86.73 	: 	: 
RT,T,TOTAL,I20-I25,UKI7	117.05 	113.6 	111.35 	105.28 	103.47 	98.08 	: 	: 
RT,T,TOTAL,I20-I25,UKJ1	110.88 	106.94 	100.47 	94.04 	87.83 	83.51 	: 	: 
RT,T,TOTAL,I20-I25,UKJ2	100.84 	96.73 	93.33 	90.66 	86.78 	82.28 	: 	: 
RT,T,TOTAL,I20-I25,UKJ3	108.51 	105.02 	101.49 	97.06 	93.63 	89.17 	: 	: 
RT,T,TOTAL,I20-I25,UKJ4	118.64 	111.99 	107.32 	101.93 	95.43 	90.16 	: 	: 
RT,T,TOTAL,I20-I25,UKK1	115.21 	111.65 	108.01 	100.62 	97.17 	93.39 	: 	: 
RT,T,TOTAL,I20-I25,UKK2	107.43 	104.35 	101.95 	96.38 	94.41 	88.78 	: 	: 
RT,T,TOTAL,I20-I25,UKK3	123.48 	120.78 	123.42 	118.61 	113.89 	110.55 	: 	: 
RT,T,TOTAL,I20-I25,UKK4	115.99 	112.04 	106.91 	103.56 	101.17 	98.02 	: 	: 
RT,T,TOTAL,I20-I25,UKL1	154.32 	146.68 	140.13 	132.73 	128.84 	122.55 	: 	: 
RT,T,TOTAL,I20-I25,UKL2	125.98 	122.83 	119.19 	115.46 	112.27 	109 	: 	: 
RT,T,TOTAL,I20-I25,UKM5	148.83 	141.9 	132.54 	127.79 	125.54 	126.58 	: 	: 
RT,T,TOTAL,I20-I25,UKM6	149.32 	136.61 	135.24 	131.38 	131.82 	126.72 	: 	: 
RT,T,TOTAL,I20-I25,UKM7	151.37 	143.41 	138.82 	134.25 	131.5 	124.17 	: 	: 
RT,T,TOTAL,I20-I25,UKM8	168.64 	161.18 	152.91 	146.98 	143.86 	137.86 	: 	: 
RT,T,TOTAL,I20-I25,UKM9	161.59 	158.05 	155.26 	147.64 	144.24 	137.37 	: 	: 
RT,T,TOTAL,I20-I25,UKN0	139.6 	132.95 	125.47 	116.76 	112.1 	103.48 	: 	: 
